"schema_version","scene_id","line_id","arc","day","time_window","trigger","condition","priority","once_scope","sequence","speaker","contact","delivery","portrait","text","choice_a_id","choice_a_text","choice_a_reply","choice_a_effects","choice_a_next","choice_b_id","choice_b_text","choice_b_reply","choice_b_effects","choice_b_next","choice_c_id","choice_c_text","choice_c_reply","choice_c_effects","choice_c_next","enter_effects","auto_next","purpose"
"5","collapse_check_stable","collapse_check_stable_01","ending","5","day_end","collapse_check","schedule_failures>=3|counter.school_absences>=3|counter.job_failures>=2;counter.gamble_sessions<3;debt=0","502","game","1","Protagonist","나","ending","","도박으로 큰 손실을 만들지는 않았지만 학교와 과제와 알바 일정을 계속 놓쳤다. 무너진 생활을 다시 세우려면 무엇부터 바꿀지 도움을 받아 정리해야 한다.","","","","","","","","","","","","","","","","ending:set=collapse","","무도박 또는 조기 중단 일정 붕괴에 손실 복구 집착을 붙이지 않는다."
"5","collapse_check_gamble","collapse_check_gamble_01","ending","5","day_end","collapse_check","schedule_failures>=3|counter.school_absences>=3|counter.job_failures>=2;counter.gamble_sessions>=3;debt=0","501","game","1","Protagonist","나","ending","","잃은 돈을 되찾겠다는 생각에 학교와 과제와 알바 약속을 계속 놓쳤다. 빚은 만들지 않았지만 혼자 버티는 동안 일상은 이미 무너지고 있었다.","","","","","","","","","","","","","","","","ending:set=collapse","","고위험 무채무 일정 붕괴를 분리한다."
"5","collapse_check_debt","collapse_check_debt_01","ending","5","day_end","collapse_check","schedule_failures>=3|counter.school_absences>=3|counter.job_failures>=2;counter.gamble_sessions>=3;debt>0","503","game","1","Protagonist","나","ending","","잃은 돈을 되찾으려다 빚과 밀린 일정이 함께 남았다. 더 숨기면 학교와 알바와 관계까지 버틸 수 없다. 이제는 도움을 요청해야 한다.","","","","","","","","","","","","","","","","ending:set=collapse","","고위험 채무 일정 붕괴를 분리한다."
"5","sys_late_gamble_morning","sys_late_gamble_morning_01","main","2..5","7:00","day_start","flag.gambled_late=true;flag.borrow_deferred!=true;day!=2;day!=3","202","day","1","Protagonist","나","narration","","언제 잠든 거지.... 도박 앱을 켜둔 채 그대로 잠든 모양이다.","","","","","","","","","","","","","","","","","","밤새 도박한 경우 다음 날 오전 10시 기상과 지각을 자연스럽게 보여 준다."
"5","sys_late_gamble_morning","sys_late_gamble_morning_02","main","2..5","7:00","day_start","flag.gambled_late=true;flag.borrow_deferred!=true;day!=2;day!=3","202","day","2","Protagonist","나","narration","","벌써 오전 10시다.... 학교에 늦었다. 그래도 지금이라도 가는 편이 낫겠다.","","","","","","","","","","","","","","","","fatigue:add=1|counter.short_sleep_days:add=1|flag.gambled_late:set=false","","밤새 도박한 경우 다음 날 오전 10시 기상과 지각을 자연스럽게 보여 준다."
"5","sys_borrow_late_morning","sys_borrow_late_morning_01","sleep","2..5","10:00","day_start","day<0","203","day","1","Protagonist","나","narration","","눈을 뜨니 오전 열 시다. 어젯밤 돈을 어떻게 마련할지 생각하다 늦게 잠든 모양이다.","","","","","","","","","","","","","","","","","","밤늦은 차용 시도를 다음 날 아침으로 넘기고 일반 도박 밤샘 연출과 겹치지 않게 한다."
"5","sys_borrow_late_morning","sys_borrow_late_morning_02","sleep","2..5","10:00","day_start","day<0","203","day","2","Protagonist","나","narration","","...학교에 늦었다. 우선 어젯밤 생각한 일부터 정리하자.","","","","","","","","","","","","","","","","fatigue:add=1|counter.short_sleep_days:add=1|flag.borrow_deferred:set=false","","지각 상태를 짚은 뒤 아침 차용 선택으로 이어진다."
"5","d1_intro","d1_intro_01","main","1","7:00","new_game","","300","game","1","Narrator","","narration","","알람 소리에 눈을 떴다. 창밖은 이미 환했다.","","","","","","","","","","","","","","","","clock:set=07:00|cash:set=50000|debt:set=0|flag.gambling_started:set=false","","첫날 아침을 짧은 상황 묘사로 시작한다."
"5","d1_intro","d1_intro_02","main","1","7:00","new_game","","300","game","2","Protagonist","나","dialogue","","벌써 일곱 시네. ...조금만 더 누워 있고 싶다.","","","","","","","","","","","","","","","","","","평범한 아침의 망설임으로 시작한다."
"5","d1_intro","d1_intro_02a","main","1","7:00","new_game","","300","game","3","Protagonist","나","dialogue","","그래도 오늘까지 지각할 순 없지. 씻고 나가자.","","","","","","","","","","","","","","","","","","당연한 시간표 설명 대신 등교 동기를 자연스럽게 만든다."
"5","d1_intro","d1_intro_goal_01","main","1","7:00","new_game","","300","game","4","Protagonist","나","dialogue","","며칠 전 책상에서 떨어뜨린 노트북이 아예 켜지지 않았다. 과제랑 발표에도 써야 하는데, 수리비로 15만 원이 든다고 했다.","","","","","","","","","","","","","","","","money_goal:set=150000","","게임 시작 직후 돈이 필요한 구체적인 이유를 제시한다."
"5","d1_intro","d1_intro_goal_02","main","1","7:00","new_game","","300","game","5","Protagonist","나","dialogue","","내가 떨어뜨린 거라 부모님께 또 부탁하기도 애매했다. 통장에 모아 둔 돈은 5만 원.","","","","","","","","","","","","","","","","","","정상적인 목표 달성 방법을 일정과 연결한다."
"5","d1_intro","d1_intro_03","main","1","7:00","new_game","","300","game","7","System","","overlay","","태블릿의 지도 앱에서 학교를 선택해 출발하자.","","","","","","","","","","","","","","","","tutorial:set=map","","지도 안내를 태블릿 위 모달에 표시한다."
"5","d1_school","d1_school_01","school","1","school","school_complete","","150","game","1","Teacher","담임 선생님","dialogue","","다음 주 화요일에 조별 발표할 거야. 온라인 도박 광고가 확률과 보상을 어떻게 포장하는지, 위험할 때 어디서 도움받을 수 있는지 조사해 보자.","","","","","","","","","","","","","","","","flag.project_introduced:set=true","","조별과제의 주제와 일정을 제시한다."
"5","d1_school","d1_school_02","school","1","school","school_complete","","150","game","2","Protagonist","나","narration","","다음 주에 바로 조별 발표라니. 누구랑 같은 조지?","","","","","","","","","","","","","","","","","","주인공이 상황에 직접 반응한다."
"5","d1_school","d1_school_03","school","1","school","school_complete","","150","game","3","Seoyeon","서연","dialogue","seoyeon_default","우리 같은 조네. 일단 역할부터 나누자.","","","","","","","","","","","","","","","","relation.seoyeon:add=1","","서연이 자연스럽게 말을 건다."
"5","d1_school","d1_school_04","school","1","school","school_complete","","150","game","4","Protagonist","나","dialogue","","알겠어. 내가 먼저 찾아볼 건 뭐야?","","","","","","","","","","","","","","","","","","주인공이 과제에 참여한다."
"5","d1_school","d1_school_05","school","1","school","school_complete","","150","game","5","Seoyeon","서연","dialogue","seoyeon_default","월요일까지 도박 피해 사례랑 도움받을 곳을 정리해 줄래? 나는 도박문제예방치유원에서 광고의 유혹 장치를 찾아볼게.","","","","","","","","","","","","","","","","","","서연과의 연속 과제 일정을 시작한다."
"5","d1_message_cue","d1_message_cue_01","main","1","16:00","d1_message_cue","","140","game","1","System","","router","","민재 메시지 도착 순서를 준비한다.","","","","","","","","","","","","","","","","","d1_minjae_invite","안내보다 실제 메시지를 먼저 발생시킨다."
"5","d1_minjae_invite","d1_minjae_invite_01","gambling","1","16:00","d1_minjae_invite","","130","game","1","Minjae","민재","message","minjae_default","야 너 노트북 수리비 모은다 했지? 이것 좀 봐.","","","","","","","","","","","","","","","","flag.minjae_first_invite_available:set=true","","민재가 주인공의 구체적인 돈 목표를 알고 접근한다."
"5","d1_minjae_invite","d1_minjae_invite_01a","gambling","1","16:00","d1_minjae_invite","","130","game","2","Protagonist","나","overlay","","노트북 수리비 얘기를 왜 갑자기 꺼낸 거지... 일단 무슨 말을 하는지 더 보자.","","","","","","","","","","","","","","","","","","메시지 알림 뒤에 주인공의 반응과 앱 안내를 표시한다."
"5","d1_minjae_invite","d1_minjae_invite_02","gambling","1","16:00","d1_minjae_invite","","130","game","3","Minjae","민재","message","minjae_default","신규 가입하면 무료 포인트 줌. 오늘 자정 전엔 추천 보너스도 두 배래.","","","","","","","","","","","","","","","","","","시간제한 보상으로 조급함을 만든다."
"5","d1_minjae_invite","d1_minjae_invite_03","gambling","1","16:00","d1_minjae_invite","","130","game","4","Minjae","민재","message","minjae_default","나 방금 추천 보너스로 20만 들어왔어 ㅋㅋ 네 돈 넣는 것도 아닌데 잘되면 수리비 빨리 채우잖아.","","","","","","","","","","","","","","","","","","친구의 성공 경험을 주인공의 목표와 연결한다."
"5","d1_minjae_invite","d1_minjae_invite_04","gambling","1","16:00","d1_minjae_invite","","130","game","5","Protagonist","나","overlay","","수리비까지 남은 돈은 10만 원이다. 주말 이틀을 다 일하면 채울 수 있지만, 가입 보너스로 시작하면 더 빨라질지도 모른다.... 아니, 이런 생각부터 이상한 건가.","","","","","","","","","","","","","","","","","","호기심과 경계심을 동시에 보여 준다."
"5","d1_minjae_invite","d1_minjae_invite_05","gambling","1","16:00","d1_minjae_invite","","130","game","6","Minjae","민재","message","minjae_default","링크 보냈어. 진짜 보기만 해 봐.","","","","","","","","","","","","","","","","","","민재가 링크를 보낸 뒤 실제 행동은 태블릿 홈에서 플레이어가 정한다."
"5","gamble_1","gamble_1_01","gambling","1..5","cinematic","gamble_1","","300","game","1","Narrator","","cinematic","","가입 보너스로 받은 돈이 화면에 들어왔다. 버튼을 누르자 숫자와 효과가 게임처럼 빠르게 움직였다.","","","","","","","","","","","","","","","","clock:add=60|cash:add=20000|temptation:add=1","","첫 회차를 매력적으로 연출한다."
"5","gamble_1","gamble_1_02","gambling","1..5","cinematic","gamble_1","","300","game","2","Narrator","","cinematic","","결과는 성공이었다. 자동 환전된 20,000원이 실제 통장에 들어왔다.","","","","","","","","","","","","","","","","","","무료 포인트가 실제 돈으로 바뀌는 경험을 준다."
"5","gamble_1","gamble_1_03","gambling","1..5","cinematic","gamble_1","","300","game","3","Protagonist","나","dialogue","","한 시간 만에 2만 원이 생겼다. 알바 한 번보다 적은 돈인데도, 몸 하나 안 쓰고 벌었다는 생각부터 들었다.","","","","","","","","","","","","","","","","","after_gamble_1_router","첫 승리를 계속할 이유로 전환하되 실제 발생 일차에 맞춰 분기한다."
"5","after_gamble_1_router","after_gamble_1_router_01","gambling","1..5","router","after_gamble_1_router","","299","game","1","System","","router","","","","","","","","","","","","","","","","","","route:d1_after_first_gamble if day=1 else late_first_gamble_return","","첫날 도박과 나중에 시작한 첫 도박의 후속 장면을 분리한다."
"5","late_first_gamble_return","late_first_gamble_return_01","gambling","2..5","after_first_gamble","late_first_gamble_return","","298","game","1","Protagonist","나","overlay","","처음으로 앱을 열어 본 뒤 2만 원이 통장에 들어왔다. 잠깐 보려던 게 한 시간이나 지나 있었다. 지금부터라도 남은 일정을 확인하자.","","","","","","","","","","","","","","","","","","1일차를 건너뛰고 실제 발생일의 미완료 일정으로 돌아간다."
"5","d1_after_first_gamble","d1_after_first_gamble_01","main","1","evening","after_first_gamble","","290","game","1","Protagonist","나","narration","","통장에 찍힌 입금 내역을 몇 번이나 다시 봤다. 한 시간 만에 돈이 생기니 그 앱이 전보다 덜 위험해 보였다.","","","","","","","","","","","","","","","","","","첫 승리의 유혹을 남기되 남은 일정을 자동으로 건너뛰지 않는다."
"5","d1_after_first_gamble","d1_after_first_gamble_02","main","1","21:00","after_first_gamble","","290","game","2","Protagonist","나","dialogue","","한 판만 더 하면 수리비에 더 가까워질 수도 있다.... 여기서 멈출까, 한 번 더 할까.","d1_gamble_again","한 번 더 한다","","gamble:advance","","d1_gamble_stop","여기서 멈춘다","","counter.refusals:add=1","d1_first_gamble_stop","","","","","","","","첫 도박 직후 재도박을 플레이어가 직접 선택하게 한다."
"5","gamble_2","gamble_2_01","gambling","1..5","cinematic","gamble_2","","300","game","1","Narrator","","cinematic","","두 번째 결과도 맞았다. 계좌에 40,000원이 더 들어왔다.","","","","","","","","","","","","","","","","clock:add=120|cash:add=40000|temptation:add=2","","두 번째 회차에서 성공 확신을 강화한다."
"5","gamble_2","gamble_2_02","gambling","1..5","cinematic","gamble_2","","300","game","2","Protagonist","나","cinematic","","두 시간이 사라졌지만 숙제보다 빨리 무언가를 얻은 기분이 들었다.","","","","","","","","","","","","","","","","","","시간 손실과 왜곡된 보상을 함께 보여 준다."
"5","gamble_3","gamble_3_01","gambling","1..5","cinematic","gamble_3","","300","game","1","Narrator","","cinematic","","처음에는 조금 오르더니 결과가 연달아 어긋났다. 계좌에서 70,000원이 빠졌다.","","","","","","","","","","","","","","","","clock:add=120|cash:add=-70000|temptation:add=3","","세 번째 회차에 첫 손실을 고정한다."
"5","gamble_3","gamble_3_02","gambling","1..5","cinematic","gamble_3","","300","game","2","Protagonist","나","dialogue","","....지금 멈추면 오늘 잃은 돈은 그대로 손해잖아.","g3_stop","손실을 인정하고 나온다","","counter.stop_after_loss:add=1","","g3_chase","잃은 돈만 되찾는다","","temptation:add=1|gamble:advance","gamble_4","","","","","","","","추격을 선택하면 회차 상태를 갱신하고 다음 고정 결과로 즉시 이어진다."
"5","gamble_4","gamble_4_01","gambling","1..5","cinematic","gamble_4","","300","game","1","Narrator","","cinematic","","다시 시작하자 10,000원은 되찾았다. 조금만 더 하면 정말 원래대로 돌아갈 것 같았다.","","","","","","","","","","","","","","","","clock:add=120|cash:add=10000|temptation:add=4","","부분 회복으로 추격을 강화한다."
"5","gamble_4","gamble_4_02","gambling","1..5","cinematic","gamble_4","","300","game","2","Protagonist","나","narration","","지금 멈추면 아직 손실이 남는다. 그래도 여기서 나오는 게 맞을까.","g4_stop","남은 손실을 받아들인다","","counter.stop_after_loss:add=1","","g4_continue","조금만 더 복구한다","","temptation:add=1|gamble:advance","gamble_5","","","","","","","","계속하기를 선택하면 회차 상태를 갱신하고 다음 고정 결과로 즉시 이어진다."
"5","gamble_5","gamble_5_01","gambling","1..5","cinematic","gamble_5","","300","game","1","Narrator","","cinematic","","복구될 것 같던 흐름은 금방 뒤집혔다. 남은 돈까지 사라지고 계좌에는 0원만 남았다.","","","","","","","","","","","","","","","","clock:add=180|cash:set=0|temptation:add=5","","다섯 번째 회차에서 생활비 손실을 만든다."
"5","gamble_5","gamble_5_02","debt","1..5","cinematic","gamble_5","","300","game","2","Protagonist","나","dialogue","","교통비까지 다 썼다. 그런데 돈만 구하면 한 번은 더 할 수 있다는 생각이 들었다.","g5_stop","더 빌리지 않고 멈춘다","","counter.stop_after_loss:add=1","minjae_loan_offer","g5_borrow","돈을 빌려 다시 시도한다","","borrow:choose_or_defer","","","","","","","","","23시 전에는 바로 차용 대상을 고르고, 23시부터는 다음 날 아침으로 미룬다."
"5","borrow_choice","borrow_choice_01","main","1..5","message","borrow_choice","","300","game","1","Protagonist","나","overlay","","누구에게 부탁할지 정해야 한다. 한 번 부탁했던 사람에게 또 손을 벌릴 수는 없다.","borrow_mom","엄마에게 교통비라고 부탁한다","엄마, 교통카드 충전해야 하는데 오만 원만 보내줄 수 있어?","borrow:prepare=mom","","borrow_friend","서준에게 급한 돈이라고 부탁한다","서준아, 미안한데 급하게 오만 원만 빌려줄 수 있어?","borrow:prepare=seojun","","borrow_none","아무에게도 빌리지 않는다","","counter.refusals:add=1|route:gamble_no_funds_stop if borrowed.minjae=true else minjae_loan_offer","","","","돈을 빌린 대상과 실제 대화를 후속 장면으로 연결한다."
"5","borrow_choice_minjae","borrow_choice_minjae_01","main","1..5","message","borrow_choice","","301","game","1","Protagonist","나","overlay","","엄마와 서준에게는 이미 한 번씩 부탁했다. 이제 부탁할 수 있는 사람은 민재뿐이다.","borrow_minjae","민재에게 빌려 달라고 부탁한다","","borrow:prepare=minjae","","borrow_minjae_none","아무에게도 빌리지 않는다","","counter.refusals:add=1","minjae_loan_offer","","","","","","","","엄마와 서준에게 이미 빌렸다면 민재에게 직접 부탁하거나 모두 거절할 수 있다. 거절하면 민재가 먼저 제안한다."
"5","minjae_loan_offer","minjae_loan_offer_01","debt","1..5","message","minjae_loan_offer","","302","game","1","Minjae","민재","message","minjae_angry","돈 없어서 멈춘 거야? 내가 5만 빌려줄게. 다음 알바비 들어오면 주면 되잖아.","minjae_loan_reject","아니. 돈까지 빌려서 하진 않을게.","","counter.refusals:add=1","minjae_loan_rejected","minjae_loan_accept","이번 한 번만 빌려줘.","","debt_owner:set=minjae","minjae_loan_accepted","","","","","","","","돈을 빌리지 않으려는 순간 민재가 직접 대출을 제안한다."
"5","minjae_loan_rejected","minjae_loan_rejected_01","debt","1..5","message","minjae_loan_rejected","","302","game","1","Minjae","민재","message","minjae_worried","그래. 마음 바뀌면 말해. 돈 필요하면 그때 연락하고.","","","","","","","","","","","","","","","","","","민재의 대출 제안을 거절해도 남은 숙제·학교·수면 일정을 플레이어가 직접 마무리하게 한다."
"5","minjae_loan_accepted","minjae_loan_accepted_01","debt","1..5","message","minjae_loan_accepted","","302","game","1","Minjae","민재","message","minjae_angry","보냈어. 이걸로 복구하고 알바비 들어오면 바로 갚아.","","","","","","","","","","","","","","","","debt:add=50000|cash:add=50000|borrowed.minjae:set=true","","민재가 실제로 돈을 보낸다."
"5","minjae_loan_accepted","minjae_loan_accepted_02","debt","1..5","message","minjae_loan_accepted","","302","game","2","Protagonist","민재","message","","고마워. 다음 알바비 받으면 바로 갚을게.","","","","","","","","","","","","","","","","","","돈을 받은 뒤 감사 답장을 보내고 감사 답장 뒤 홈으로 돌아가 빌린 돈을 다시 걸지 직접 정하게 한다."
"5","gamble_6","gamble_6_01","gambling","1..5","cinematic","gamble_6","","300","game","1","Narrator","","cinematic","","계좌에 다시 생긴 돈을 넣었다. 결과는 달라지지 않았고 잔액은 다시 0원이 됐다.","","","","","","","","","","","","","","","","clock:add=180|cash:set=0|temptation:add=6","","빌린 돈이나 알바비를 다시 잃는 결과를 체감시킨다."
"5","gamble_6","gamble_6_02","gambling","1..5","cinematic","gamble_6","","300","game","2","Protagonist","나","dialogue","","도박을 멈춰도 잃은 돈이랑 밀린 약속은 그대로다. 이제 누구한테 뭐라고 말해야 하지.","","","","","","","","","","","","","","","","","","자금 출처와 무관하게 반복 도박의 결과를 주인공 독백으로 보여 준다."
"5","gamble_no_funds","gamble_no_funds_01","gambling","1..5","cinematic","gamble_no_funds","","301","game","1","Protagonist","나","dialogue","","계좌에 돈이 없다. 앱을 눌러도 더 할 수 없다.","","","","","","","","","","","","","","","","","","잔액이 없으면 도박 회차를 실행하지 않는다."
"5","gamble_no_funds","gamble_no_funds_02","gambling","1..5","cinematic","gamble_no_funds","","301","game","2","Protagonist","나","dialogue","","계좌 잔액은 0원이다. 더 하려면 누군가에게 돈을 빌려야 한다. 돈을 구할지, 여기서 멈출지 정해야 한다.","no_funds_borrow_again","돈을 빌릴 방법을 찾는다","","borrow:choose_or_defer","","no_funds_stop","여기서 멈춘다","","counter.refusals:add=1","gamble_no_funds_stop","","","","","","","","23시 전에는 바로 차용 대상을 고르고, 23시부터는 다음 날 아침으로 미룬다."
"5","d1_mom_checkin","d1_mom_checkin_01","school","1","after_school","d1_mom_checkin","","145","game","1","Mom","엄마","message","","학교 끝났어? 저녁은 집에서 먹을 거지?","d1_reply_mom","응. 지금 집 가는 중이야.","응. 지금 집 가는 중이야.","","d1_mom_reply_result","","","","","","","","","","","flag.d1_mom_message_available:set=true","","엄마의 연락에 플레이어가 직접 답하도록 한다."
"5","d1_mom_reply_result","d1_mom_checkin_03","school","1","after_school","choice_result","","145","game","1","Mom","엄마","message","","그래. 조심해서 와. 냉장고에 과일 있으니까 배고프면 먼저 먹고.","","","","","","","","","","","","","","","","","d1_message_cue","플레이어의 답장을 받은 뒤 엄마가 응답한다."
"5","mom_loan_message","mom_loan_message_01","debt","1..5","message","mom_loan_message","","300","game","1","Protagonist","엄마","message","","엄마, 교통카드 충전해야 하는데 5만 원만 보내주면 안 돼?","","","","","","","","","","","","","","","","","","엄마에게 돈을 빌리는 거짓말을 직접 보여 준다."
"5","mom_loan_message","mom_loan_message_02","debt","1..5","message","mom_loan_message","","300","game","2","Mom","엄마","message","","5만 원이나? 지난번에 준 돈은 다 쓴 거야?","","","","","","","","","","","","","","","","","","엄마가 금액을 이상하게 여긴다."
"5","mom_loan_message","mom_loan_message_03","debt","1..5","message","mom_loan_message","","300","game","3","Mom","엄마","message","","일단 보냈어. 나중에 어디에 썼는지 같이 보자.","","","","","","","","","","","","","","","","debt:add=50000|cash:add=50000|borrowed.mom:set=true","","송금 뒤에도 질문이 남게 한다."
"5","mom_loan_message","mom_loan_message_04","debt","1..5","message","mom_loan_message","","300","game","4","Protagonist","엄마","message","","엄마 고마워. 나중에 어디에 썼는지 제대로 말할게.","","","","","","","","","","","","","","","","","","돈을 받은 뒤 감사와 대화 약속을 직접 답장한다."
"5","seojun_loan_message","seojun_loan_message_01","debt","1..5","message","seojun_loan_message","","300","game","1","Protagonist","서준","message","","서준아, 미안한데 지금 5만 원만 빌려줄 수 있어? 다음 주에 꼭 갚을게.","","","","","","","","","","","","","","","","","","서준에게 돈을 부탁하는 메시지를 직접 보여 준다."
"5","seojun_loan_message","seojun_loan_message_02","debt","1..5","message","seojun_loan_message","","300","game","2","Seojun","서준","message","seojun_worried","무슨 일인데? 너 원래 돈 빌려달라는 말 안 하잖아.","","","","","","","","","","","","","","","","","","서준이 평소와 다른 행동을 걱정한다."
"5","seojun_loan_message","seojun_loan_message_03","debt","1..5","message","seojun_loan_message","","300","game","3","Protagonist","서준","message","","집에 말하기 좀 애매한 일이야. 다음 주 알바비 받으면 바로 줄게.","","","","","","","","","","","","","","","","","","주인공이 이유를 숨긴다."
"5","seojun_loan_message","seojun_loan_message_04","debt","1..5","message","seojun_loan_message","","300","game","4","Seojun","서준","message","seojun_worried","....알겠어. 보냈어. 진짜 곤란한 일 있으면 돈부터 빌리지 말고 얘기해.","","","","","","","","","","","","","","","","debt:add=50000|cash:add=50000|relation.seojun:add=1|borrowed.seojun:set=true","","서준의 신뢰를 받은 뒤 감사 답장으로 이어진다."
"5","seojun_loan_message","seojun_loan_message_05","debt","1..5","message","seojun_loan_message","","300","game","5","Protagonist","서준","message","","고마워. 다음 주 알바비 들어오면 꼭 갚을게. 괜히 걱정하게 해서 미안.","","","","","","","","","","","","","","","","","","돈을 받은 뒤 감사와 상환 약속을 직접 답장한다."
"5","d1_evening","d1_evening_01","main","1","evening","evening_fill","","90","day","1","Protagonist","나","narration","","가방을 정리하고 저녁을 먹는 동안에도 민재가 알려준 앱이 자꾸 떠올랐다.","","","","","","","","","","","","","","","","","","첫날 남은 저녁을 일상과 유혹의 여운으로 채운다."
"5","d1_evening","d1_evening_02","main","1","evening","evening_fill","","90","day","2","Protagonist","나","dialogue","","오늘은 여기까지 하자. 내일 알바도 있으니까 씻고 잘 준비나 해야겠다.","","","","","","","","","","","","","","","","clock:set=21:00","","밤 9시까지 자연스럽게 시간을 보낸다."
"5","bedtime_cue","bedtime_cue_01","sleep","1..4","21:00","bedtime_cue","","95","day","1","Protagonist","나","overlay","","오늘 일정은 모두 끝냈다. 도박 앱도 눈에 들어오고, 피곤하기도 한데.... 어떻게 할지 정해야겠다.","","","","","","","","","","","","","","","","tutorial:set=sleep","","모든 필수 일정과 메시지를 마친 뒤에만 취침과 도박을 유도한다."
"5","d1_minjae_invite","d1_minjae_invite_06","gambling","1","16:00","d1_minjae_invite","","130","game","7","Protagonist","민재","message","","링크는 받았어. 오늘 할 일부터 보고 내가 정할게.","","","","","","","","","","","","","","","","","","민재 채팅방을 실제로 확인한 뒤 도박 앱이 해금되며, 답장은 선택적으로 보낼 수 있다."
"5","gamble_repeat_loss","gamble_repeat_loss_01","gambling","1..5","cinematic","gamble_repeat_loss","","300","day","1","Narrator","","cinematic","","알바비와 남아 있던 돈을 다시 넣었지만 결과는 달라지지 않았다. 계좌 잔액은 또 0원이 됐다.","","","","","","","","","","","","","","","","clock:add=180|cash:set=0|temptation:add=1","","6회 이후 재접속은 모두 실패하도록 고정한다."
"5","gamble_repeat_loss","gamble_repeat_loss_02","gambling","1..5","cinematic","gamble_repeat_loss","","300","day","2","Protagonist","나","dialogue","","이번에도 잃었다. 돈이 다시 생겨도 이대로면 또 잃을 것 같다.","","","","","","","","","","","","","","","","","","반복 충전을 새로운 승리 기회로 오해하지 않게 한다."
"5","d1_school","d1_school_06","school","1","","","","","","6","Protagonist","나","dialogue","","상담 번호만 찾으면 돼? 출처도 같이 적어야 해?","","","","","","","","","","","","","","","","","","서연의 역할 분담에 주인공이 자연스럽게 답한다."
"5","d1_intro","d1_intro_goal_03","main","1","7:00","new_game","","200","game","6","Protagonist","나","dialogue","","이번 주말 알바를 이틀 다 나가면 10만 원을 더 모을 수 있다. 그러면 수리비 15만 원을 채울 수 있다. 괜히 다른 방법 찾지 말고 일정부터 지키자.","","","","","","","","","","","","","","","","","","목표 금액과 알바 일정을 플레이어가 이해한 뒤 돈 이야기를 시작한다."
"5","d1_school","d1_school_07","school","1","school","school_complete","","120","game","7","Seoyeon","서연","dialogue","","응. 번호만 적으면 어디서 나온 건지 모르니까 출처도 같이 부탁해.","","","","","","","","","","","","","","","","","","과제에 출처가 필요한 이유를 대화로 설명한다."
"5","d1_school","d1_school_08","school","1","school","school_complete","","120","game","8","Protagonist","나","dialogue","","알겠어. 번호랑 출처까지 같이 정리할게.","","","","","","","","","","","","","","","","","","주인공이 맡은 일을 정확히 확인한다."
"5","d1_school","d1_school_09","school","1","school","school_complete","","120","game","9","Seoyeon","서연","dialogue","","응. 내가 찾은 자료는 월요일 학교에서 보여줄게. 주말 잘 보내.","","","","","","","","","","","","","","","","","","학교 대화를 작별 인사로 자연스럽게 마무리한다."
"5","d1_school","d1_school_10","school","1","school","school_complete","","120","game","10","Protagonist","나","dialogue","","그래. 월요일에 보자.","","","","","","","","","","","","","","","","","d1_mom_checkin","서연의 인사에 답한 뒤 귀가 흐름으로 연결한다."
"5","d1_school_missed_message","d1_school_missed_message_01","main","1","night","school_missed","","175","day","1","Seoyeon","서연","message","","오늘 학교 안 왔더라. 우리 둘이 같은 조 됐어. 다음 주 화요일에 온라인 광고랑 확률 표현으로 발표한대.","","","","","","","","","","","","","","","","flag.project_introduced:set=true","","1일차 결석 시 조 편성과 발표 일정을 메시지로 전달한다."
"5","d1_school_missed_message","d1_school_missed_message_02","main","1","night","school_missed","","175","day","2","Seoyeon","서연","message","","월요일까지 도박 피해 사례랑 도움받을 곳을 정리해 줄래? 나는 도박문제예방치유원에서 광고의 유혹 장치를 찾아볼게.","","","","","","","","","","","","","","","","","","1일차 결석으로 놓친 역할 분담을 전달한다."
"5","d1_first_gamble_stop","d1_first_gamble_stop_01","main","1","night","d1_first_gamble_stop","","300","game","1","Protagonist","나","overlay","","아니야. 오늘은 여기까지만 하자. 계속 보다간 더 할 것 같다. ...그냥 잠이나 자자.","","","","","","","","","","","","","","","","","","첫 도박 뒤 멈추기를 고르면 재도박 대신 취침 쪽으로 마음을 돌린다."
"5","gamble_no_funds_stop","gamble_no_funds_stop_01","main","1..5","night","gamble_no_funds_stop","","300","game","1","Protagonist","나","overlay","","여기서 더 빌리면 정말 선을 넘는 거다. 오늘 해야 할 일부터 하자.","","","","","","","","","","","","","","","","","","재차용을 거절하면 일정으로 돌아가게 한다."
"5","minjae_loan_rejected","minjae_loan_rejected_02","debt","1..5","message","minjae_loan_rejected","","300","game","2","Protagonist","나","overlay","","민재에게까지 돈을 빌리진 않기로 했다. 여기서 멈추자. 지금 해야 할 일부터 하자.","","","","","","","","","","","","","","","","","","가능한 차용 흐름의 마지막인 민재 제안마저 거절했을 때만 최종 중단 독백을 출력한다."
"5","borrow_defer_night","borrow_defer_night_01","debt","1..5","night","","","0","game","1","Protagonist","나","overlay","","이 시간에 돈 빌려 달라고 연락하기도 그렇다. 오늘은 자고, 아침에 다시 생각하자.","","","","","","","","","","","","","","","","pending.borrow_menu:set=true|flag.borrow_deferred:set=true|tutorial:set=sleep","","밤늦은 차용 요청을 다음 날 오전으로 미룬다."
"5","borrow_morning_cue","borrow_morning_cue_01","main","1..5","morning","deferred_borrow_morning","pending.borrow_menu=true","600","day","1","Protagonist","나","overlay","","어젯밤 미뤄 둔 연락을 지금 정해야 한다. 누구에게 부탁할까.","borrow_morning_mom","엄마에게 교통비라고 부탁한다","","borrow:prepare=mom","","borrow_morning_seojun","서준에게 급한 돈이라고 부탁한다","","borrow:prepare=seojun","","borrow_morning_none","아무에게도 빌리지 않는다","","counter.refusals:add=1|route:gamble_no_funds_stop if borrowed.minjae=true else minjae_loan_offer","","","","일반 아침 장면이 끝난 뒤 차용 대상을 직접 결정한다."
"5","borrow_morning_minjae_cue","borrow_morning_minjae_cue_01","main","1..5","morning","deferred_borrow_morning","pending.borrow_menu=true","601","day","1","Protagonist","나","overlay","","어젯밤 미뤄 둔 연락을 정해야 한다. 엄마와 서준에게는 이미 부탁했으니 남은 사람은 민재뿐이다.","borrow_morning_minjae","민재에게 빌려 달라고 부탁한다","","borrow:prepare=minjae","","borrow_morning_minjae_none","아무에게도 빌리지 않는다","","counter.refusals:add=1","minjae_loan_offer","","","","","","","","다음 날 아침에도 민재 직접 요청과 거절 뒤 선제 제안을 같은 구조로 제공한다."
"5","borrow_prepare_mom","borrow_prepare_mom_01","main","1..5","morning","","","0","day","1","Protagonist","나","overlay","","엄마에게 부탁해 보자. 메시지 앱에서 엄마 채팅방을 열면 보낼 말을 정할 수 있다.","","","","","","","","","","","","","","","","","","엄마 채팅방에서 차용 메시지 선택지를 직접 누르게 한다."
"5","borrow_prepare_seojun","borrow_prepare_seojun_01","main","1..5","morning","","","0","day","1","Protagonist","나","overlay","","서준에게 부탁해 보자. 메시지 앱에서 서준 채팅방을 열면 보낼 말을 정할 수 있다.","","","","","","","","","","","","","","","","","","서준 채팅방에서 차용 메시지 선택지를 직접 누르게 한다."
"5","mom_loan_response","mom_loan_response_01","debt","1..5","morning","","","0","game","1","Mom","엄마","message","","5만 원이나? 지난번에 준 돈은 다 쓴 거야?","","","","","","","","","","","","","","","","","","엄마에게 차용 요청을 보낸 뒤 반응한다."
"5","mom_loan_response","mom_loan_response_02","debt","1..5","morning","","","0","game","2","Mom","엄마","message","","일단 보냈어. 나중에 어디에 썼는지 같이 보자.","","","","","","","","","","","","","","","","borrowed.mom:set=true|debt_owner:set=mom|debt:add=50000|cash:add=50000","","엄마에게 빌린 돈을 실제 잔액과 채무에 반영한다."
"5","mom_loan_response","mom_loan_response_03","debt","1..5","morning","","","0","game","3","Protagonist","엄마","message","","엄마 고마워. 나중에 어디에 썼는지 제대로 말할게.","","","","","","","","","","","","","","","","","","차용 대화를 마무리한다."
"5","seojun_loan_response","seojun_loan_response_01","debt","1..5","morning","","","0","game","1","Seojun","서준","message","seojun_worried","무슨 일인데? 너 원래 돈 빌려달라는 말 안 하잖아.","","","","","","","","","","","","","","","","","","서준에게 차용 요청을 보낸 뒤 이유를 묻는다."
"5","seojun_loan_response","seojun_loan_response_02","debt","1..5","morning","","","0","game","2","Protagonist","서준","message","","집에 말하기 좀 애매한 일이야. 다음 주 알바비 받으면 바로 줄게.","","","","","","","","","","","","","","","","","","주인공이 이유를 숨긴 채 상환 약속을 한다."
"5","seojun_loan_response","seojun_loan_response_03","debt","1..5","morning","","","0","game","3","Seojun","서준","message","seojun_worried","....알겠어. 보냈어. 진짜 곤란한 일 있으면 돈부터 빌리지 말고 얘기해.","","","","","","","","","","","","","","","","borrowed.seojun:set=true|debt_owner:set=seojun|debt:add=50000|cash:add=50000|relation.seojun:add=1","","서준에게 빌린 돈을 실제 잔액과 채무에 반영한다."
"5","seojun_loan_response","seojun_loan_response_04","debt","1..5","morning","","","0","game","4","Protagonist","서준","message","","고마워. 다음 주 알바비 들어오면 꼭 갚을게. 괜히 걱정하게 해서 미안.","","","","","","","","","","","","","","","","","","서준 차용 대화를 마무리한다."
"5","gamble_no_funds_exhausted","gamble_no_funds_exhausted_01","debt","1..5","night","","","0","day","1","Protagonist","나","overlay","","이미 한 번씩 부탁했던 사람들에게 또 손을 벌릴 수는 없다. 더는 빌릴 곳도 없다.","","","","","","","","","","","","","","","","","gamble_no_funds_stop","모든 차용 대상을 이미 이용한 뒤에는 재차용 선택을 막는다."
"5","sys_late_gamble_morning_weekend","sys_late_gamble_morning_weekend_01","main","2..5","7:00","day_start","flag.gambled_late=true;flag.borrow_deferred!=true;day=2|day=3","203","day","1","Protagonist","나","narration","","언제 잠든 거지.... 도박 앱을 켜둔 채 그대로 잠든 모양이다.","","","","","","","","","","","","","","","","","","주말 밤샘 뒤 아침 배경으로 전환한다."
"5","sys_late_gamble_morning_weekend","sys_late_gamble_morning_weekend_02","main","2..5","7:00","day_start","flag.gambled_late=true;flag.borrow_deferred!=true;day=2|day=3","203","day","2","Protagonist","나","narration","","벌써 오전 10시다. 카페 근무 시간은 이미 지나 있었다.... 결국 오늘 알바를 놓쳤다.","","","","","","","","","","","","","","","","fatigue:add=1|counter.short_sleep_days:add=1|flag.gambled_late:set=false","","주말 밤샘 결과를 카페 결근으로 명확히 안내한다."
"5","gamble_7","gamble_7_01","gambling","1..5","cinematic","gamble_7","","300","day","1","Narrator","","cinematic","","다시 넣은 돈에서 20,000원이 늘었다. 바닥까지 갔던 잔액이 오르자 방금 전 손실이 잠깐 잊혔다.","","","","","","","","","","","","","","","","clock:add=120|cash:add=20000|temptation:add=1","","전액 손실 뒤 작은 적중이 다시 확신을 만드는 과정을 보여 준다."
"5","gamble_7","gamble_7_02","gambling","1..5","cinematic","gamble_7","","300","day","2","Protagonist","나","dialogue","","....한 번만 더 맞으면 이번엔 진짜 되찾을 수 있을 것 같은데.","","","","","","","","","","","","","","","","","","작은 수익을 다음 도박의 근거로 오해한다."
"5","gamble_8","gamble_8_01","gambling","1..5","cinematic","gamble_8","","300","day","1","Narrator","","cinematic","","그 확신을 따라 금액을 키웠지만 결과는 40,000원 손실이었다. 남아 있던 돈도 함께 줄었다.","","","","","","","","","","","","","","","","clock:add=120|cash:add=-40000|temptation:add=2","","작은 적중 뒤 더 큰 금액을 걸어 손실이 커지는 흐름을 보여 준다."
"5","gamble_8","gamble_8_02","gambling","1..5","cinematic","gamble_8","","300","day","2","Protagonist","나","dialogue","","방금 번 것보다 더 크게 잃었다. 그런데도 또 다음 판부터 생각났다.","","","","","","","","","","","","","","","","","","작은 적중 뒤 다음 판을 떠올리는 심리를 보여 준다."
"5","d1_school_missed_message","d1_school_missed_message_03","school","1","night","school_missed","","175","day","3","Protagonist","서연","message","","미안해. 오늘 연락도 못 했어. 월요일까지 상담 번호랑 사례 정리해서 보낼게.","","","","","","","","","","","","","","","","relation.seoyeon:add=-1","",""
"5","v5_d2_start","v5_d2_start_01","main","2","7:00","day_start","flag.late_wake_today!=true","220","day","1","Protagonist","나","narration","","토요일 아침. 오늘은 카페 첫 근무가 있는 날이다.","","","","","","","","","","","","","","","","","","첫 주말 근무를 일정의 중심에 둔다."
"5","v5_d2_start","v5_d2_start_02","main","2","7:00","day_start","","220","day","2","Protagonist","나","dialogue","","오늘 근무를 마치면 일당 5만 원을 받는다. 지금 모은 돈에 얼마나 보탤 수 있는지 확인하고 늦지 않게 출발하자.","","","","","","","","","","","","","","","","tutorial:set=map","",""
"5","v5_d2_minjae","v5_d2_minjae_01","gambling","2","morning","day_start","","180","day","1","Minjae","민재","message","minjae_default","오늘 알바지? 하루 종일 일해서 5만 원 받느니 어제 보낸 앱이 훨씬 빠르다니까.","v5_d2_reply_job","알바부터 갈 거야.","오늘은 알바부터 갈 거야. 끝나고 내가 정할게.","counter.refusals:add=1","","v5_d2_reply_later","끝나고 확인해 볼게.","알바 끝나고 확인해 볼게. 지금은 늦으면 안 돼.","gamble:offer","","","","","","","","","도박 여부는 메시지 선택이 아니라 일정 완료 뒤 앱에서 결정한다."
"5","v5_d2_job","v5_d2_job_01","job","2","job","job_complete","","190","game","1","CafeManager","점장님","dialogue","manager_default","첫날이니까 주문보다 정리부터 익혀. 모르는 건 바로 물어보고.","","","","","","","","","","","","","","","","","",""
"5","v5_d2_job","v5_d2_job_02","job","2","job","job_complete","","190","game","2","Protagonist","나","narration","","정신없이 움직이다 보니 어느새 마감 시간이었다.","","","","","","","","","","","","","","","","","",""
"5","v5_d2_job","v5_d2_job_03","job","2","job","job_complete","","190","game","3","CafeManager","점장님","dialogue","manager_default","오늘 일당 5만 원은 넣어뒀어. 내일도 같은 시간에 보자.","","","","","","","","","","","","","","","","counter.job_attendance:add=1|relation.manager:add=1","","첫 근무와 정상 수입을 보여 준다."
"5","v5_d2_job","v5_d2_job_04","job","2","job","job_complete","","190","game","4","Protagonist","나","dialogue","","네, 감사합니다. 내일도 시간 맞춰 올게요.","","","","","","","","","","","","","","","","","","점장에게 인사한 뒤 귀가한다."
"5","v5_d2_job_missed","v5_d2_job_missed_01","job","2","afternoon","job_missed","","190","day","1","CafeManager","점장님","message","manager_worried","오늘 첫 출근인데 연락도 없이 안 왔네. 무슨 일 있니?","v5_d2_missed_apology","죄송하다고 답한다.","죄송해요. 시간을 놓쳤어요. 내일은 꼭 먼저 연락드릴게요.","relation.manager:add=-2","","","","","","","","","","","","","","첫 결근을 즉시 관계 결과로 돌려준다."
"5","v5_d2_missed_daytime","v5_d2_missed_daytime_01","main","2","daytime","job_missed","schedule.job=missed;schedule.homework=pending","175","day","1","Protagonist","나","overlay","","점장님께 사과하고 늦은 아침을 먹었다. 알바 대신 밀린 집안일과 조별과제 자료를 정리하다 보니 어느새 16시가 됐다.","","","","","","","","","","","","","","","","clock:advance_to=16:00","","오전 결근 뒤 공부가 정오에 끝나 버리지 않도록 낮 시간을 자연스럽게 연결한다."
"5","v5_d2_study_cue_done","v5_d2_study_cue_done_01","study","2","16:00","post_job_home","schedule.job=complete;schedule.homework=pending","196","day","1","Protagonist","나","overlay","","첫 근무를 마치고 집에 오니 16시다. 오늘 번 5만 원이 통장에 들어왔지만, 아직 서연과 약속한 조별과제가 남아 있다.","","","","","","","","","","","","","","","","","",""
"5","v5_d2_study_cue_done","v5_d2_study_cue_done_02","study","2","16:00","post_job_home","schedule.job=complete;schedule.homework=pending","196","day","2","Seoyeon","서연","message","seoyeon_default","알바 끝났어? 어제 맡은 상담 번호랑 어떤 도움을 받을 수 있는지 오늘 정리해 줄 수 있어?","","","","","","","","","","","","","","","","","",""
"5","v5_d2_study_cue_done","v5_d2_study_cue_done_03","study","2","16:00","post_job_home","schedule.job=complete;schedule.homework=pending","196","day","3","Protagonist","서연","message","","응, 지금 집에 왔어. 번호만 쓰지 않고 상담 내용이랑 출처까지 확인해서 보낼게.","","","","","","","","","","","","","","","","","",""
"5","v5_d2_study_cue_done","v5_d2_study_cue_done_04","study","2","16:00","post_job_home","schedule.job=complete;schedule.homework=pending","196","day","4","Protagonist","나","overlay","","서연에게 답장도 했으니 공부 앱에서 자료 조사를 시작하자.","","","","","","","","","","","","","","","","tutorial:set=study","","알바 귀가 뒤 서연의 메시지를 확인하고 답한 다음 공부 앱으로 연결한다."
"5","v5_d2_study_cue_missed","v5_d2_study_cue_missed_01","study","2","afternoon","job_missed","schedule.job=missed;schedule.homework=pending","170","day","1","Protagonist","나","overlay","","오늘 알바는 놓쳤다. 수리비 계획은 틀어졌지만 서연과 약속한 조별과제까지 미룰 수는 없다.","","","","","","","","","","","","","","","","","",""
"5","v5_d2_study_cue_missed","v5_d2_study_cue_missed_02","study","2","afternoon","job_missed","schedule.job=missed;schedule.homework=pending","170","day","2","Seoyeon","서연","message","seoyeon_default","어제 맡은 상담 번호 자료, 오늘 확인할 수 있지? 번호만 말고 어떤 도움을 받을 수 있는지도 부탁해.","","","","","","","","","","","","","","","","","",""
"5","v5_d2_study_cue_missed","v5_d2_study_cue_missed_03","study","2","afternoon","job_missed","schedule.job=missed;schedule.homework=pending","170","day","3","Protagonist","서연","message","","응. 늦지 않게 상담 내용이랑 출처까지 확인해서 보낼게.","","","","","","","","","","","","","","","","","",""
"5","v5_d2_study_cue_missed","v5_d2_study_cue_missed_04","study","2","afternoon","job_missed","schedule.job=missed;schedule.homework=pending","170","day","4","Protagonist","나","overlay","","적어도 약속한 자료는 끝내자. 공부 앱에서 상담 정보를 조사하자.","","","","","","","","","","","","","","","","tutorial:set=study","",""
"5","v5_d2_study_done","v5_d2_study_done_01","study","2","evening","homework_complete","","205","game","1","Protagonist","서연","message","","서연아. 도박 문제 상담은 국번 없이 1336이래. 전화로 상담받을 수 있고, 가족이나 주변 사람도 도움을 요청할 수 있대.","","","","","","","","","","","","","","","","","",""
"5","v5_d2_study_done","v5_d2_study_done_02","study","2","evening","homework_complete","","205","game","2","Seoyeon","서연","message","seoyeon_default","1336 맞아. 출처까지 같이 적어줘서 첫 장 정리하기 편하겠다.","","","","","","","","","","","","","","","","","",""
"5","v5_d2_study_done","v5_d2_study_done_03","study","2","evening","homework_complete","","205","game","3","Seoyeon","서연","message","seoyeon_default","내일은 내가 찾은 사례를 보내줄게. 처음에 왜 빠져들었고 어떤 순간부터 문제가 커졌는지 같이 보자.","","","","","","","","","","","","","","","","","",""
"5","v5_d2_study_done","v5_d2_study_done_04","study","2","evening","homework_complete","","205","game","4","Protagonist","서연","message","","응. 내일 알바 끝나고 사례 확인해서 내 생각도 보내줄게.","","","","","","","","","","","","","","","","project.progress:add=1|relation.seoyeon:add=1","","공부 결과를 주인공이 먼저 보내고 다음 과제 약속에도 답한다."
"5","v5_d2_night_done","v5_d2_night_done_01","sleep","2","21:00","evening_fill","schedule.job=complete;schedule.homework=complete","90","day","1","Protagonist","나","overlay","","서연에게 자료를 보내고 답장까지 마쳤다. 저녁을 먹고 내일 근무 준비를 하다 보니 21시가 됐다.","","","","","","","","","","","","","","","","clock:set=21:00","","서연과의 대화가 끝난 뒤에만 밤 장면으로 전환한다."
"5","v5_d2_night_missed","v5_d2_night_missed_01","sleep","2","21:00","evening_fill","schedule.job=missed;schedule.homework=complete","89","day","1","Protagonist","나","overlay","","서연에게 자료를 보내고 답장까지 마쳤다. 오늘 몫 5만 원은 비었지만 내일 근무 준비를 하다 보니 21시가 됐다.","","","","","","","","","","","","","","","","clock:set=21:00","","결근 경로도 공부와 메시지를 마친 뒤 밤으로 전환한다."
"5","v5_d3_start","v5_d3_start_01","main","3","7:00","day_start","flag.late_wake_today!=true","220","day","1","Protagonist","나","narration","","일요일 아침. 오늘 카페 근무까지 마치면 이번 주말 일정은 끝난다.","","","","","","","","","","","","","","","","","",""
"5","v5_d3_start","v5_d3_start_02","main","3","7:00","day_start","","220","day","2","Protagonist","나","dialogue","","오늘도 출근 시간이 정해져 있다. 남은 일은 근무를 마치고 생각하자. 먼저 카페에 가자.","","","","","","","","","","","","","","","","tutorial:set=map","",""
"5","v5_d3_minjae_none","v5_d3_minjae_none_01","gambling","3","morning","day_start","counter.gamble_sessions=0","182","day","1","Minjae","민재","message","minjae_default","아직도 안 해봤어? 보너스 없어지기 전에 한 번만 눌러 봐.","v5_d3_none_reply","오늘도 알바부터 간다.","오늘도 알바부터 갈 거야. 계속 재촉하지 마.","counter.refusals:add=1","","","","","","","","","","","","","",""
"5","v5_d3_minjae_profit","v5_d3_minjae_profit_01","gambling","3","morning","day_start","counter.gamble_sessions>=1;counter.gamble_sessions<3","183","day","1","Minjae","민재","message","minjae_default","전에 바로 돈 들어오는 거 봤잖아. 오늘도 한 번만 하면 수리비 금방 채우겠다.","v5_d3_profit_stop","번 돈으로 끝낸다.","그때 번 건 운이 좋았던 거야. 오늘은 알바부터 갈게.","counter.refusals:add=1","","v5_d3_profit_later","알바 뒤에 생각한다.","지금은 알바 가야 해. 끝나고 내가 정할게.","gamble:offer","","","","","","","","",""
"5","v5_d3_minjae_loss","v5_d3_minjae_loss_01","gambling","3","morning","day_start","counter.gamble_sessions>=3","184","day","1","Minjae","민재","message","minjae_angry","지금 멈추면 잃은 돈 그대로잖아. 오늘 흐름 좋다니까 알바 끝나고라도 복구해.","v5_d3_loss_stop","더 잃기 전에 멈춘다.","잃은 돈 때문에 또 들어가진 않을 거야. 오늘 일정부터 지킬게.","counter.refusals:add=1","","v5_d3_loss_later","알바 뒤에 다시 본다.","일단 알바부터 갈게. 끝나고 다시 생각해 볼게.","gamble:offer","","","","","","","","",""
"5","v5_d3_job_good","v5_d3_job_good_01","job","3","job","job_complete","counter.job_attendance>=1","192","game","1","CafeManager","점장님","dialogue","manager_default","주말 이틀 다 시간 맞춰 왔네. 오늘 일당까지 넣어뒀어. 수고했다.","","","","","","","","","","","","","","","","counter.job_attendance:add=1|relation.manager:add=2","",""
"5","v5_d3_job_good","v5_d3_job_good_02","job","3","job","job_complete","counter.job_attendance>=1","192","game","2","Protagonist","나","dialogue","","감사합니다. 오늘도 수고하셨어요.","","","","","","","","","","","","","","","","","","점장에게 인사한 뒤 귀가한다."
"5","v5_d3_job_return","v5_d3_job_return_01","job","3","job","job_complete","counter.job_attendance=0","191","game","1","CafeManager","점장님","dialogue","manager_worried","어제는 걱정했어. 오늘 나온 건 다행이지만 다음에는 늦기 전에 꼭 연락해.","","","","","","","","","","","","","","","","counter.job_attendance:add=1|relation.manager:add=-1","",""
"5","v5_d3_job_return","v5_d3_job_return_02","job","3","job","job_complete","counter.job_attendance=0","191","game","2","Protagonist","나","dialogue","","죄송합니다. 다음에는 늦기 전에 꼭 연락드릴게요.","","","","","","","","","","","","","","","","","","점장에게 인사한 뒤 귀가한다."
"5","v5_d3_case_cue_done","v5_d3_case_cue_done_00","study","3","16:00","post_job_home","schedule.job=complete;schedule.homework=pending","198","day","0","Protagonist","나","overlay","","두 번째 근무를 마치고 집에 오니 16시다. 주말 알바는 끝났지만 월요일 발표 전에 정리할 사례가 남아 있다.","","","","","","","","","","","","","","","","","","귀가 직후 저녁 장면을 먼저 보여 준다."
"5","v5_d3_job_missed_first","v5_d3_job_missed_first_01","job","3","afternoon","job_missed","counter.job_failures=0","192","day","1","CafeManager","점장님","message","manager_worried","오늘 출근하지 않았네. 계속 근무할 생각이 있는지는 알려 줘.","v5_d3_missed_apology","사과하고 다시 기회를 부탁한다.","죄송해요. 다음 근무 전에는 꼭 먼저 연락드릴게요.","relation.manager:add=-2","","","","","","","","","","","","","",""
"5","v5_d3_job_missed_fired","v5_d3_job_missed_fired_01","job","3","afternoon","job_missed","counter.job_failures>=1","193","day","1","CafeManager","점장님","message","manager_angry","두 번 연속 연락 없이 빠졌어. 다음 근무는 당분간 잡기 어렵겠다.","v5_d3_fired_reply","죄송하다고 답한다.","죄송합니다. 제가 약속을 지키지 못했어요.","relation.manager:add=-3|flag.job_fired:set=true","","","","","","","","","","","","","","연속 결근을 명확한 해고 결과로 보여 준다."
"5","v5_d3_missed_daytime_first","v5_d3_missed_daytime_first_01","main","3","daytime","job_missed","schedule.job=missed;schedule.homework=pending;counter.job_failures=0","176","day","1","Protagonist","나","overlay","","점장님께 사과하고 다음 근무는 놓치지 않도록 일정을 다시 적었다. 점심을 먹고 발표 자료를 살펴보다 보니 16시가 됐다.","","","","","","","","","","","","","","","","clock:advance_to=16:00","","첫 결근 뒤 남은 낮 시간을 일정 정리와 과제 준비로 연결한다."
"5","v5_d3_missed_daytime_fired","v5_d3_missed_daytime_fired_01","main","3","daytime","job_missed","schedule.job=missed;schedule.homework=pending;counter.job_failures>=1","176","day","1","Protagonist","나","overlay","","다음 근무를 잡기 어렵다는 메시지를 몇 번이나 다시 읽었다. 사라진 알바비와 수리비 계획을 다시 계산하다 보니 어느새 16시였다.","","","","","","","","","","","","","","","","clock:advance_to=16:00","","연속 결근의 해고 결과와 줄어든 수입을 낮 시간에 체감시킨다."
"5","v5_d3_case_cue_done","v5_d3_case_cue_done_01","study","3","16:00","post_job_home","schedule.job=complete;schedule.homework=pending","198","day","1","Seoyeon","서연","message","seoyeon_default","알바 끝났지? 어제 말한 사례 보내둘게. 우리 또래가 무료 포인트로 시작한 이야기야.","","","","","","","","","","","","","","","","","",""
"5","v5_d3_case_cue_done","v5_d3_case_cue_done_02","study","3","16:00","post_job_home","schedule.job=complete;schedule.homework=pending","198","day","2","Protagonist","서연","message","","응, 지금 집이야. 처음에는 어떻게 빠져들었대?","","","","","","","","","","","","","","","","","",""
"5","v5_d3_case_cue_done","v5_d3_case_cue_done_03","study","3","16:00","post_job_home","schedule.job=complete;schedule.homework=pending","198","day","3","Seoyeon","서연","message","seoyeon_default","처음엔 무료 포인트로 조금 땄대. 그러니까 다음에도 쉽게 딸 수 있을 것 같았겠지.","","","","","","","","","","","","","","","","","",""
"5","v5_d3_case_cue_done","v5_d3_case_cue_done_04","study","3","16:00","post_job_home","schedule.job=complete;schedule.homework=pending","198","day","4","Protagonist","서연","message","","조금 땄으면 거기서 그만두면 되는 거 아니야? 왜 계속했대?","","","","","","","","","","","","","","","","","",""
"5","v5_d3_case_cue_done","v5_d3_case_cue_done_05","study","3","16:00","post_job_home","schedule.job=complete;schedule.homework=pending","198","day","5","Seoyeon","서연","message","seoyeon_worried","한 번 잃고 나서는 그것만 되찾자고 했대. 그러다 친구한테 돈을 빌리고 학교와 알바도 계속 빠졌고.","","","","","","","","","","","","","","","","","",""
"5","v5_d3_case_cue_done","v5_d3_case_cue_done_06","study","3","16:00","post_job_home","schedule.job=complete;schedule.homework=pending","198","day","6","Protagonist","나","overlay","","오늘 서연이가 보내 준 사례를 공부 앱에서 다시 읽어보자. 처음의 이득보다 손실을 되찾으려 한 뒤 무엇이 달라졌는지 봐야겠다.","","","","","","","","","","","","","","","","flag.seoyeon_case_seen:set=true|tutorial:set=study","","주인공의 질문을 통해 사례를 이해한 뒤 공부 앱으로 연결한다."
"5","v5_d3_case_cue_missed","v5_d3_case_cue_missed_01","study","3","afternoon","job_missed","schedule.job=missed;schedule.homework=pending","170","day","1","Seoyeon","서연","message","seoyeon_worried","어제 말한 사례 보내둘게. 처음엔 조금 땄다가, 잃은 돈을 되찾겠다고 친구에게 빌리고 약속까지 계속 놓친 이야기야.","","","","","","","","","","","","","","","","","",""
"5","v5_d3_case_cue_missed","v5_d3_case_cue_missed_02","study","3","afternoon","job_missed","schedule.job=missed;schedule.homework=pending","170","day","2","Protagonist","서연","message","","응. 그냥 넘기면 안 될 것 같아. 지금 읽어볼게.","","","","","","","","","","","","","","","","","",""
"5","v5_d3_case_cue_missed","v5_d3_case_cue_missed_03","study","3","afternoon","job_missed","schedule.job=missed;schedule.homework=pending","170","day","3","Protagonist","나","overlay","","오늘 서연이가 보내 준 사례에서 돈을 빌린 뒤 일정까지 무너진 부분을 정리하자.","","","","","","","","","","","","","","","","flag.seoyeon_case_seen:set=true|tutorial:set=study","",""
"5","v5_d3_study_done","v5_d3_study_done_01","study","3","evening","homework_complete","","205","game","1","Protagonist","서연","message","","사례 다시 봤어. 처음 딴 돈보다, 잃은 돈을 되찾으려고 빌린 뒤 학교와 알바까지 놓친 부분이 제일 위험해 보여.","","","","","","","","","","","","","","","","","",""
"5","v5_d3_study_done","v5_d3_study_done_02","study","3","evening","homework_complete","","205","game","2","Seoyeon","서연","message","seoyeon_default","맞아. 손실을 만회하려고 빌리고 다시 시작한 순간부터 피해가 더 커졌어.","","","","","","","","","","","","","","","","","",""
"5","v5_d3_study_done","v5_d3_study_done_03","study","3","evening","homework_complete","","205","game","3","Seoyeon","서연","message","seoyeon_default","월요일에는 이 사례랑 광고의 유혹 장치를 발표자료로 만들자.","","","","","","","","","","","","","","","","","",""
"5","v5_d3_study_done","v5_d3_study_done_04","study","3","evening","homework_complete","","205","game","4","Protagonist","서연","message","","응. 월요일 학교에서 역할 나누고 같이 만들자.","","","","","","","","","","","","","","","","project.progress:add=1|relation.seoyeon:add=1","",""
"5","v5_d3_night_done","v5_d3_night_done_01","sleep","3","21:00","evening_fill","schedule.job=complete;schedule.homework=complete","90","day","1","Protagonist","나","overlay","","서연에게 사례 분석을 보내고 월요일 약속까지 정했다. 학교와 발표 준비물을 챙기다 보니 21시가 됐다.","","","","","","","","","","","","","","","","clock:set=21:00","","서연과의 메시지가 끝난 뒤 밤 장면으로 전환한다."
"5","v5_d3_night_missed","v5_d3_night_missed_01","sleep","3","21:00","evening_fill","schedule.job=missed;schedule.homework=complete","89","day","1","Protagonist","나","overlay","","알바와 수리비 계획은 꼬였지만 사례 분석은 서연에게 보냈다. 내일 학교 준비를 하다 보니 21시가 됐다.","","","","","","","","","","","","","","","","clock:set=21:00","","결근 경로도 메시지를 마친 뒤 밤 장면으로 전환한다."
"5","v5_d4_start_stable","v5_d4_start_stable_01","main","4","7:00","day_start","counter.gamble_sessions<3;flag.late_wake_today!=true","220","day","1","Protagonist","나","narration","","월요일 아침. 오늘은 학교에서 서연과 발표 자료를 마무리해야 한다.","","","","","","","","","","","","","","","","tutorial:set=map","",""
"5","v5_d4_start_risk","v5_d4_start_risk_01","main","4","7:00","day_start","counter.gamble_sessions>=3;flag.late_wake_today!=true","221","day","1","Protagonist","나","narration","","월요일 아침. 도박에 쓴 돈 생각이 먼저 떠올랐지만 오늘은 학교와 조별과제를 더 미룰 수 없다.","","","","","","","","","","","","","","","","tutorial:set=map","",""
"5","v5_d4_school_lesson","v5_d4_school_lesson_01","school","4","school","school_complete","","225","game","1","Teacher","담임 선생님","dialogue","","오늘은 온라인 도박 광고가 왜 게임처럼 보이는지, 실제 도박은 무엇으로 구분하는지 발표자료로 정리해 보자.","","","","","","","","","","","","","","","","","",""
"5","v5_d4_school_lesson","v5_d4_school_lesson_02","school","4","school","school_complete","","225","game","2","Seoyeon","서연","dialogue","seoyeon_default","첫 장에는 출석 보상, 무료 포인트, 레벨처럼 게임에서 익숙한 장치를 넣자. 경계심을 낮추는 데 쓰일 수 있대.","","","","","","","","","","","","","","","","","",""
"5","v5_d4_school_lesson","v5_d4_school_lesson_03","school","4","school","school_complete","","225","game","3","Protagonist","나","dialogue","","그럼 캐릭터나 레벨이 있으면 전부 도박이라는 뜻이야? 일반 게임이랑 어떻게 구분해?","","","","","","","","","","","","","","","","","",""
"5","v5_d4_school_lesson","v5_d4_school_lesson_04","school","4","school","school_complete","","225","game","4","Seoyeon","서연","dialogue","seoyeon_default","그건 아니야. 겉모습보다 실제 돈이나 가치 있는 걸 걸고, 우연한 결과에 따라 돈을 따거나 잃는 구조인지 봐야 한대.","","","","","","","","","","","","","","","","","",""
"5","v5_d4_school_lesson","v5_d4_school_lesson_05","school","4","school","school_complete","","225","game","5","Protagonist","나","dialogue","","알겠어. 첫 장은 유혹 장치, 두 번째 장은 돈을 거는 구조와 우연한 결과로 나눠서 만들게.","","","","","","","","","","","","","","","","","",""
"5","v5_d4_school_lesson","v5_d4_school_lesson_06","school","4","school","school_complete","","225","game","6","Seoyeon","서연","dialogue","seoyeon_default","마지막에는 친구가 도박 문제를 털어놨을 때 어떻게 도울지도 넣자. 혼내거나 대신 갚아주는 건 해결이 아니래.","","","","","","","","","","","","","","","","","",""
"5","v5_d4_school_lesson","v5_d4_school_lesson_07","school","4","school","school_complete","","225","game","7","Protagonist","나","dialogue","","그냥 하지 말라고 세게 말리면 되는 거 아니야?","","","","","","","","","","","","","","","","","",""
"5","v5_d4_school_lesson","v5_d4_school_lesson_08","school","4","school","school_complete","","225","game","8","Seoyeon","서연","dialogue","seoyeon_worried","그러면 더 숨길 수도 있대. 왜 말하기 어려웠는지 먼저 듣고, 믿을 만한 어른이나 1336 상담에 같이 연결하는 게 좋대.","","","","","","","","","","","","","","","","","",""
"5","v5_d4_school_lesson","v5_d4_school_lesson_09","school","4","school","school_complete","","225","game","9","Protagonist","나","dialogue","","말하는 쪽도 이미 겁먹었을 수 있으니까 먼저 듣는 게 필요하겠네. 그 부분은 내가 설명할게.","","","","","","","","","","","","","","","","","","원본의 주인공 질문과 서연의 설명을 압축하지 않고 보존한다."
"5","v5_d4_school_stable","v5_d4_school_stable_01","school","4","school","school_complete","counter.gamble_sessions<3","210","game","1","Teacher","담임 선생님","dialogue","","좋아. 주말에 조사한 사례와 상담 정보까지 연결하면 발표 흐름이 분명해지겠다.","","","","","","","","","","","","","","","","","",""
"5","v5_d4_school_stable","v5_d4_school_stable_02","school","4","school","school_complete","counter.gamble_sessions<3","210","game","2","Protagonist","나","dialogue","","집에 가서 세 부분을 발표자료로 완성하고 서연에게 보내야겠다.","","","","","","","","","","","","","","","","tutorial:set=study","",""
"5","v5_d4_school_risk","v5_d4_school_risk_01","school","4","school","school_complete","counter.gamble_sessions>=3","211","game","1","Teacher","담임 선생님","dialogue","","손실을 되찾으려고 돈을 빌리거나 학교와 약속을 미루기 시작했다면 혼자 해결하려 하지 말고 바로 도움을 요청해야 해.","","","","","","","","","","","","","","","","","",""
"5","v5_d4_school_risk","v5_d4_school_risk_02","school","4","school","school_complete","counter.gamble_sessions>=3","211","game","2","Protagonist","나","narration","","오늘 정리한 사례가 내 이야기처럼 들렸다. 지금 말하면 숨긴 일까지 전부 설명해야 한다.","","","","","","","","","","","","","","","","","",""
"5","v5_d4_school_risk","v5_d4_school_risk_03","school","4","school","school_complete","counter.gamble_sessions>=3","211","game","3","Teacher","담임 선생님","dialogue","","요즘 계속 피곤해 보이는데 무슨 일 있니? 천천히 말해도 괜찮아.","d13_tell_teacher","선생님께 사실대로 말한다","선생님, 사실 도박하다 돈을 잃었어요. 혼자서는 멈추기 어려워요.","flag.help_requested:set=true|relation.teacher:add=3","v5_d4_help_response","d13_hide_again","아무 일도 아니라고 한다","아니에요. 그냥 알바 때문에 피곤해서 그래요.","flag.help_requested:set=false|relation.teacher:add=-2","v5_d4_hide_result","","","","","","","","교육 내용이 주인공 자신의 상황과 겹친 뒤 도움 요청 선택으로 이어진다."
"5","v5_d4_help_response","v5_d4_help_response_01","school","4","after_school","v5_d4_help_response","","205","game","1","Teacher","담임 선생님","dialogue","","말해줘서 잘했어. 돈 문제를 도박으로 해결하려 하지 말고 부모님과 상담 선생님께 같이 이야기하자.","","","","","","","","","","","","","","","","","",""
"5","v5_d4_help_response","v5_d4_help_response_02","school","4","after_school","v5_d4_help_response","","205","game","2","Protagonist","나","dialogue","","네. 무섭지만 더 숨기지는 않을게요. 집에 가서 발표자료도 마무리할게요.","","","","","","","","","","","","","","","","unlock.counseling:set=true|tutorial:set=study","",""
"5","v5_d4_hide_result","v5_d4_hide_result_01","school","4","after_school","v5_d4_hide_result","","205","game","1","Protagonist","나","narration","","괜찮다고 말하고 교무실을 나왔다. 안도감보다 다시 혼자가 됐다는 생각이 더 크게 남았다. 일단 집에 가서 내일 발표자료부터 마무리하자.","","","","","","","","","","","","","","","","tutorial:set=study","",""
"5","v5_d4_study_done_stable","v5_d4_study_done_stable_01","study","4","evening","homework_complete","counter.gamble_sessions<3","180","game","1","Protagonist","서연","message","","발표자료 만들었어. 게임처럼 보이게 하는 장치, 도박을 구분하는 기준, 도움받는 방법까지 세 부분으로 나눴어.","","","","","","","","","","","","","","","","","",""
"5","v5_d4_study_done_stable","v5_d4_study_done_stable_02","study","4","evening","homework_complete","counter.gamble_sessions<3","180","game","2","Seoyeon","서연","message","seoyeon_default","자료 확인했어. 사례랑 1336까지 자연스럽게 이어져서 이해하기 좋다. 내일 발표 전에 역할만 다시 맞추자.","","","","","","","","","","","","","","","","","",""
"5","v5_d4_study_done_stable","v5_d4_study_done_stable_03","study","4","evening","homework_complete","counter.gamble_sessions<3","180","game","3","Protagonist","서연","message","","응. 내일은 내가 구분 기준이랑 도움받는 방법을 설명할게.","","","","","","","","","","","","","","","","relation.seoyeon:add=2|schedule.project:set=complete","",""
"5","v5_d4_study_done_risk","v5_d4_study_done_risk_01","study","4","evening","homework_complete","counter.gamble_sessions>=3","181","game","1","Protagonist","서연","message","","늦어서 미안해. 발표자료 지금 보냈어. 유혹 장치랑 도박 구분 기준, 도움받는 방법까지 넣었어.","","","","","","","","","","","","","","","","","",""
"5","v5_d4_study_done_risk","v5_d4_study_done_risk_02","study","4","evening","homework_complete","counter.gamble_sessions>=3","181","game","2","Seoyeon","서연","message","seoyeon_worried","자료는 확인했어. 내일 발표할 수 있겠어? 요즘 연락이 늦어서 걱정됐어.","","","","","","","","","","","","","","","","","",""
"5","v5_d4_study_done_risk","v5_d4_study_done_risk_03","study","4","evening","homework_complete","counter.gamble_sessions>=3","181","game","3","Protagonist","서연","message","","응. 걱정하게 해서 미안해. 내일은 피하지 않고 학교 갈게.","","","","","","","","","","","","","","","","relation.seoyeon:add=1|schedule.project:set=complete","",""
"5","v5_d4_evening","v5_d4_evening_01","main","4","evening","evening_fill","schedule.homework=complete","90","day","1","Protagonist","나","overlay","","발표 준비는 끝났다. 내일은 서연과 정리한 내용을 차분하게 전달하자.","","","","","","","","","","","","","","","","clock:set=21:00","",""
"5","v5_d5_start_recovery","v5_d5_start_recovery_01","main","5","7:00","day_start","flag.help_requested=true;flag.late_wake_today!=true","230","game","1","Protagonist","나","narration","","화요일 아침. 어제 선생님께 말한 뒤 부모님과 상담 일정을 잡았다. 문제는 남아 있지만 더 숨기지는 않기로 했다.","","","","","","","","","","","","","","","","tutorial:set=map","",""
"5","v5_d5_start_no_help","v5_d5_start_no_help_01","main","5","7:00","day_start","flag.help_requested!=true;counter.gamble_sessions>=3;flag.late_wake_today!=true","229","game","1","Protagonist","나","narration","","화요일 아침. 발표 날인데도 잃은 돈을 되찾을 생각부터 떠올랐다. 어제도 결국 아무에게도 말하지 못했다.","","","","","","","","","","","","","","","","tutorial:set=map","",""
"5","v5_d5_start_prevented","v5_d5_start_prevented_01","main","5","7:00","day_start","counter.gamble_sessions<3;flag.late_wake_today!=true","228","game","1","Protagonist","나","narration","","화요일 아침. 오늘은 조별 발표가 있는 날이다. 유혹은 있었지만 해야 할 일을 먼저 끝낼 수 있었다.","","","","","","","","","","","","","","","","tutorial:set=map","",""
"5","v5_d5_presentation","v5_d5_presentation_01","school","5","school","school_complete","schedule.project=complete","240","game","1","Seoyeon","서연","dialogue","seoyeon_default","그럼 발표 시작할게. 먼저 온라인 도박 광고가 왜 게임처럼 보이는지 설명해 줘.","","","","","","","","","","","","","","","","","",""
"5","v5_d5_presentation","v5_d5_presentation_02","school","5","school","school_complete","schedule.project=complete","240","game","2","Protagonist","나","dialogue","","출석 보상이나 레벨, 무료 포인트 같은 익숙한 장치로 경계심을 낮춥니다. 하지만 이런 모양만으로 도박인지 판단할 수는 없습니다.","","","","","","","","","","","","","","","","","",""
"5","v5_d5_presentation","v5_d5_presentation_03","school","5","school","school_complete","schedule.project=complete","240","game","3","Seoyeon","서연","dialogue","seoyeon_default","중요한 건 실제 돈이나 가치 있는 걸 걸고, 우연한 결과에 따라 이익과 손실이 생기는 구조인지 보는 겁니다.","","","","","","","","","","","","","","","","","",""
"5","v5_d5_presentation","v5_d5_presentation_04","school","5","school","school_complete","schedule.project=complete","240","game","4","Teacher","담임 선생님","dialogue","","그럼 주변 친구가 손실을 되찾으려고 돈까지 빌리고 있다면 어떻게 해야 할까?","","","","","","","","","","","","","","","","","",""
"5","v5_d5_presentation","v5_d5_presentation_05","school","5","school","school_complete","schedule.project=complete","240","game","5","Protagonist","나","dialogue","","혼내거나 대신 갚아주기보다 먼저 이야기를 듣고, 믿을 만한 어른이나 도박문제 상담 1336에 함께 도움을 요청해야 합니다.","","","","","","","","","","","","","","","","","","공부 앱에서 익힌 다섯 가지 핵심 내용을 실제 발표 대사로 회수한다."
"5","v5_d5_school_recovery","v5_d5_school_recovery_01","school","5","school","school_complete","flag.help_requested=true;schedule.project=complete","220","game","1","Seoyeon","서연","dialogue","seoyeon_default","발표 잘 끝났다. 요즘 힘들어 보였는데도 네 역할은 마무리했네.","","","","","","","","","","","","","","","","","",""
"5","v5_d5_school_recovery","v5_d5_school_recovery_02","school","5","school","school_complete","flag.help_requested=true;schedule.project=complete","220","game","2","Teacher","담임 선생님","dialogue","","어제 먼저 말해 준 것도 잘한 선택이야. 이제 부모님과 돈 문제, 밀린 일정을 하나씩 정리하자.","","","","","","","","","","","","","","","","","",""
"5","v5_d5_school_recovery","v5_d5_school_recovery_03","school","5","school","school_complete","flag.help_requested=true;schedule.project=complete","220","game","3","Protagonist","나","dialogue","","네. 잃은 돈을 되찾으려고 다시 도박하지 않고, 지금 상황부터 계획대로 정리할게요.","","","","","","","","","","","","","","","","","v5_recovery_goal_router",""
"5","v5_recovery_goal_router","v5_recovery_goal_router_01","ending","5","ending","v5_recovery_goal_router","","219","game","1","System","","router","","","","","","","","","","","","","","","","","","route:v5_recovery_debt if debt>0 else v5_recovery_no_debt","",""
"5","v5_recovery_debt","v5_recovery_debt_01","ending","5","ending","v5_recovery_debt","","218","game","1","Protagonist","나","dialogue","","수리비보다 갚아야 할 돈을 먼저 정리해야 한다. 그래도 이제는 혼자 숨기지 않는다.","","","","","","","","","","","","","","","","","ending_recovery",""
"5","v5_recovery_no_debt","v5_recovery_no_debt_01","ending","5","ending","v5_recovery_no_debt","","218","game","1","Protagonist","나","dialogue","","잃은 돈은 남았지만 더 큰 빚을 만들기 전에 멈췄다. 이제 밀린 일정을 다시 세우자.","","","","","","","","","","","","","","","","","ending_recovery",""
"5","ending_recovery","ending_recovery_01","ending","5","ending","ending_recovery","","300","game","1","Narrator","","ending","","문제는 한 번에 사라지지 않았지만, 도움을 요청한 순간부터 회복은 시작됐다.","","","","","","","","","","","","","","","","ending:set=recovery","","도움 요청을 분명한 회복 결과로 표시한다."
"5","v5_d5_school_no_help","v5_d5_school_no_help_01","school","5","school","school_complete","flag.help_requested!=true;counter.gamble_sessions>=3;schedule.project=complete","219","game","1","Teacher","담임 선생님","dialogue","","발표는 끝났지만 네 상태는 그냥 넘길 수 없겠다. 보호자와 같이 이야기하자.","","","","","","","","","","","","","","","","","",""
"5","v5_d5_school_no_help","v5_d5_school_no_help_02","school","5","school","school_complete","flag.help_requested!=true;counter.gamble_sessions>=3;schedule.project=complete","219","game","2","Protagonist","나","narration","","끝까지 숨기려 했지만 반복한 도박과 끊이지 않는 메시지까지 혼자 감출 수는 없었다.","","","","","","","","","","","","","","","","","",""
"5","v5_d5_school_no_help","v5_d5_school_no_help_03","school","5","school","school_complete","flag.help_requested!=true;counter.gamble_sessions>=3;schedule.project=complete","219","game","3","Narrator","","narration","","결국 보호자와 학교에 상황이 알려졌고, 불법 도박 문제는 경찰 상담으로까지 이어졌다.","","","","","","","","","","","","","","","","","ending_no_help",""
"5","ending_no_help","ending_no_help_01","ending","5","ending","ending_no_help","","300","game","1","Narrator","","ending","","손실을 혼자 되찾으려 도박을 반복했지만 문제는 해결되지 않았다. 이제 주변의 도움을 받아 돈과 생활을 함께 정리해야 한다.","","","","","","","","","","","","","","","","ending:set=no_help","","지속한 선택의 결과와 도움 필요성을 명확히 표시한다."
"5","v5_d5_school_prevented","v5_d5_school_prevented_01","school","5","school","school_complete","counter.gamble_sessions<3;schedule.project=complete","218","game","1","Teacher","담임 선생님","dialogue","","발표 좋았어. 위험 신호와 도움받는 방법을 구체적으로 잘 설명했구나.","","","","","","","","","","","","","","","","","",""
"5","v5_d5_school_prevented","v5_d5_school_prevented_02","school","5","school","school_complete","counter.gamble_sessions<3;schedule.project=complete","218","game","2","Seoyeon","서연","dialogue","seoyeon_default","자료까지 끝냈잖아. 오늘 같이 발표할 수 있어서 다행이었어.","","","","","","","","","","","","","","","","","",""
"5","v5_d5_school_prevented","v5_d5_school_prevented_03","school","5","school","school_complete","counter.gamble_sessions<3;schedule.project=complete","218","game","3","Protagonist","나","dialogue","","응. 같이 준비해서 끝내니까 마음이 놓인다. 자료 찾아줘서 고마워.","","","","","","","","","","","","","","","","","v5_prevented_goal_router",""
"5","v5_d5_school_incomplete_recovery","v5_d5_school_incomplete_recovery_01","school","5","school","school_complete","flag.help_requested=true;schedule.project!=complete","225","game","1","Seoyeon","서연","dialogue","seoyeon_worried","네가 맡은 자료가 끝나지 않아서 발표를 제대로 마무리하지 못했어. 어제 무슨 일 있었던 거야?","","","","","","","","","","","","","","","","","",""
"5","v5_d5_school_incomplete_recovery","v5_d5_school_incomplete_recovery_02","school","5","school","school_complete","flag.help_requested=true;schedule.project!=complete","225","game","2","Teacher","담임 선생님","dialogue","","발표 준비를 놓친 결과는 책임져야 한다. 그래도 어제 먼저 도움을 요청한 건 잘한 선택이야. 밀린 일정부터 다시 정리하자.","","","","","","","","","","","","","","","","","",""
"5","v5_d5_school_incomplete_recovery","v5_d5_school_incomplete_recovery_03","school","5","school","school_complete","flag.help_requested=true;schedule.project!=complete","225","game","3","Protagonist","나","dialogue","","미안해. 발표를 망친 건 변명하지 않을게. 도움받으면서 돈과 일정부터 다시 정리하겠습니다.","","","","","","","","","","","","","","","","","v5_recovery_goal_router",""
"5","v5_d5_school_incomplete_no_help","v5_d5_school_incomplete_no_help_01","school","5","school","school_complete","flag.help_requested!=true;counter.gamble_sessions>=3;schedule.project!=complete","224","game","1","Teacher","담임 선생님","dialogue","","맡은 자료가 빠져 발표를 제대로 진행하지 못했다. 요즘 결석과 일정 문제가 이어지는 이유를 보호자와 같이 확인하자.","","","","","","","","","","","","","","","","","",""
"5","v5_d5_school_incomplete_no_help","v5_d5_school_incomplete_no_help_02","school","5","school","school_complete","flag.help_requested!=true;counter.gamble_sessions>=3;schedule.project!=complete","224","game","2","Protagonist","나","narration","","숨기면 지나갈 줄 알았지만 발표까지 망치고 나니 더는 혼자 감출 수 없었다.","","","","","","","","","","","","","","","","","",""
"5","v5_d5_school_incomplete_no_help","v5_d5_school_incomplete_no_help_03","school","5","school","school_complete","flag.help_requested!=true;counter.gamble_sessions>=3;schedule.project!=complete","224","game","3","Narrator","","narration","","결국 보호자와 학교에 상황이 알려졌고, 불법 도박 문제는 경찰 상담으로까지 이어졌다.","","","","","","","","","","","","","","","","","ending_no_help",""
"5","v5_d5_school_incomplete_prevented","v5_d5_school_incomplete_prevented_01","school","5","school","school_complete","counter.gamble_sessions<3;schedule.project!=complete","223","game","1","Teacher","담임 선생님","dialogue","","도박을 멈춘 것과 별개로 맡은 자료를 끝내지 못한 건 일정 관리의 결과다. 서연에게 먼저 사과하고 보완 계획을 세우자.","","","","","","","","","","","","","","","","","",""
"5","v5_d5_school_incomplete_prevented","v5_d5_school_incomplete_prevented_02","school","5","school","school_complete","counter.gamble_sessions<3;schedule.project!=complete","223","game","2","Protagonist","서연","dialogue","","미안해. 내가 맡은 일을 끝내지 못했어. 오늘 안에 빠진 자료를 보완해서 다시 보낼게.","","","","","","","","","","","","","","","","","",""
"5","v5_d5_school_incomplete_prevented","v5_d5_school_incomplete_prevented_03","school","5","school","school_complete","counter.gamble_sessions<3;schedule.project!=complete","223","game","3","Seoyeon","서연","dialogue","seoyeon_worried","다음에는 늦기 전에 먼저 말해 줘. 오늘은 같이 보완해 보자.","","","","","","","","","","","","","","","","","v5_prevented_goal_router",""
"5","v5_prevented_goal_router","v5_prevented_goal_router_01","ending","5","ending","v5_prevented_goal_router","","217","game","1","System","","router","","","","","","","","","","","","","","","","","","route:v5_prevented_goal_full if counter.job_attendance>=2;counter.gamble_sessions=0 else v5_prevented_goal_mixed_router","",""
"5","v5_prevented_goal_mixed_router","v5_prevented_goal_mixed_router_01","ending","5","ending","v5_prevented_goal_mixed_router","","216","game","1","System","","router","","","","","","","","","","","","","","","","","","route:v5_prevented_goal_mixed if cash>=150000 else v5_prevented_goal_short","",""
"5","v5_prevented_goal_full","v5_prevented_goal_full_01","ending","5","ending","v5_prevented_goal_full","","215","game","1","Protagonist","나","dialogue","","주말 근무를 이틀 다 나간 덕분에 수리비 15만 원을 채웠다. 오래 걸렸지만 계획대로 모은 돈이었다.","","","","","","","","","","","","","","","","","ending_prevented",""
"5","v5_prevented_goal_mixed","v5_prevented_goal_mixed_01","ending","5","ending","v5_prevented_goal_mixed","","215","game","1","Protagonist","나","dialogue","","목표 금액은 채웠지만 도박에서 생긴 돈도 섞여 있다. 운 좋게 멈춘 것이지 안전한 방법이었던 건 아니다.","","","","","","","","","","","","","","","","","ending_prevented",""
"5","v5_prevented_goal_short","v5_prevented_goal_short_01","ending","5","ending","v5_prevented_goal_short","","215","game","1","Protagonist","나","dialogue","","수리비를 전부 채우진 못했다. 그래도 남은 금액과 일정을 다시 계산하니 언제 모을 수 있을지는 보였다.","","","","","","","","","","","","","","","","","ending_prevented",""
"5","ending_prevented","ending_prevented_01","ending","5","ending","ending_prevented","","300","game","1","Narrator","","ending","","유혹보다 일상을 먼저 선택했습니다. 스스로 멈춘 결정이 가장 중요한 예방이 되었습니다.","","","","","","","","","","","","","","","","ending:set=prevented","","성공 여부를 즉시 이해할 수 있는 예방 성공 카드다."
"5","v5_d5_missed_recovery","v5_d5_missed_recovery_01","ending","5","night","school_missed","flag.help_requested=true","220","day","1","Teacher","담임 선생님","message","","오늘 학교에 못 왔구나. 발표보다 네 상태가 먼저야. 부모님과 약속한 상담은 그대로 진행하자.","","","","","","","","","","","","","","","","","",""
"5","v5_d5_missed_recovery","v5_d5_missed_recovery_02","ending","5","night","school_missed","flag.help_requested=true","220","day","2","Protagonist","담임 선생님","message","","네. 오늘 상담은 피하지 않고 부모님과 같이 가겠습니다.","","","","","","","","","","","","","","","","","v5_recovery_goal_router",""
"5","v5_d5_missed_no_help","v5_d5_missed_no_help_01","ending","5","night","school_missed","flag.help_requested!=true;counter.gamble_sessions>=3","219","day","1","Teacher","담임 선생님","message","","오늘도 학교에 오지 않았구나. 보호자에게 연락해서 지금 상황부터 같이 확인하겠다.","","","","","","","","","","","","","","","","","",""
"5","v5_d5_missed_no_help","v5_d5_missed_no_help_02","ending","5","night","school_missed","flag.help_requested!=true;counter.gamble_sessions>=3","219","day","2","Protagonist","담임 선생님","message","","네.... 집에서 기다리겠습니다.","","","","","","","","","","","","","","","","","ending_no_help",""
"5","v5_d5_missed_prevented","v5_d5_missed_prevented_01","ending","5","night","school_missed","counter.gamble_sessions<3","218","day","1","Seoyeon","서연","message","seoyeon_worried","오늘 발표에 못 왔네. 무슨 일 있는 건 아니지? 다음엔 일정이 꼬이기 전에 먼저 알려 줘.","","","","","","","","","","","","","","","","","",""
"5","v5_d5_missed_prevented","v5_d5_missed_prevented_02","ending","5","night","school_missed","counter.gamble_sessions<3","218","day","2","Protagonist","서연","message","","미안해. 다음엔 늦기 전에 먼저 연락할게. 자료 챙겨줘서 고마워.","","","","","","","","","","","","","","","","","v5_prevented_goal_router",""
